Timestamp,North_m,East_m,Down_m
2025-04-26T15:47:27.774037,-0.58697909116745,7.000026702880859,0.04497885704040527
2025-04-26T15:47:27.876387,-0.5869914889335632,6.999246120452881,0.04476265609264374
2025-04-26T15:47:27.977562,-0.5869888663291931,6.998479843139648,0.0445309579372406
2025-04-26T15:47:28.078168,-0.5869452357292175,6.997701644897461,0.044298961758613586
2025-04-26T15:47:28.178800,-0.5868552923202515,6.996732711791992,0.04401311278343201
2025-04-26T15:47:28.279507,-0.5867788195610046,6.99599552154541,0.04388009011745453
2025-04-26T15:47:28.380814,-0.5867379903793335,6.995292663574219,0.043796926736831665
2025-04-26T15:47:28.481925,-0.5867090821266174,6.994553089141846,0.04365113377571106
2025-04-26T15:47:28.582963,-0.5866681933403015,6.993833541870117,0.0435047447681427
2025-04-26T15:47:28.684049,-0.5865945219993591,6.993112087249756,0.043353915214538574
2025-04-26T15:47:28.785286,-0.5864145159721375,6.992256164550781,0.0432182252407074
2025-04-26T15:47:28.886426,-0.5861978530883789,6.991598129272461,0.043124958872795105
2025-04-26T15:47:28.987544,-0.5859838724136353,6.990991115570068,0.043100178241729736
2025-04-26T15:47:29.088727,-0.5857296586036682,6.990394115447998,0.04311731457710266
2025-04-26T15:47:29.189691,-0.5854459404945374,6.989772796630859,0.0431617796421051
2025-04-26T15:47:29.290625,-0.5851938128471375,6.989086151123047,0.043278902769088745
2025-04-26T15:47:29.391634,-0.5849298238754272,6.988263130187988,0.04349885880947113
2025-04-26T15:47:29.492382,-0.5847194194793701,6.987603664398193,0.04376561939716339
2025-04-26T15:47:29.593158,-0.5844883918762207,6.986996173858643,0.044082507491111755
2025-04-26T15:47:29.693755,-0.5842445492744446,6.986453056335449,0.04451727867126465
2025-04-26T15:47:29.794396,-0.5840229392051697,6.985957622528076,0.045032382011413574
2025-04-26T15:47:29.895162,-0.5838576555252075,6.98551082611084,0.045589327812194824
2025-04-26T15:47:29.995904,-0.5837587714195251,6.9850969314575195,0.04626016318798065
2025-04-26T15:47:30.096421,-0.5837181806564331,6.984827995300293,0.046817123889923096
2025-04-26T15:47:30.197054,-0.5837774872779846,6.9846415519714355,0.04741092026233673
2025-04-26T15:47:30.297897,-0.5838730335235596,6.984505653381348,0.04800252616405487
2025-04-26T15:47:30.398619,-0.5840221047401428,6.984442234039307,0.04861275851726532
2025-04-26T15:47:30.499533,-0.5842821002006531,6.984442234039307,0.049242109060287476
2025-04-26T15:47:30.600521,-0.58481764793396,6.984524250030518,0.05009818077087402
2025-04-26T15:47:30.701539,-0.5853855013847351,6.9846649169921875,0.050863489508628845
2025-04-26T15:47:30.802562,-0.5860223174095154,6.9848551750183105,0.051601871848106384
2025-04-26T15:47:30.903596,-0.5866508483886719,6.985047817230225,0.052303746342659
2025-04-26T15:47:31.004585,-0.587252676486969,6.9852800369262695,0.05297045409679413
2025-04-26T15:47:31.106104,-0.587844729423523,6.985630035400391,0.05358535051345825
2025-04-26T15:47:31.207107,-0.5885670781135559,6.986238956451416,0.054263293743133545
2025-04-26T15:47:31.308253,-0.5891678333282471,6.986786842346191,0.054755598306655884
2025-04-26T15:47:31.409112,-0.5898004770278931,6.987436294555664,0.055225029587745667
2025-04-26T15:47:31.510069,-0.5904299020767212,6.98815393447876,0.05567924678325653
2025-04-26T15:47:31.611464,-0.5910509824752808,6.98891019821167,0.05609641969203949
2025-04-26T15:47:31.713099,-0.5916471481323242,6.989683628082275,0.05650326609611511
2025-04-26T15:47:31.814547,-0.592410147190094,6.990764617919922,0.057040274143218994
2025-04-26T15:47:31.915524,-0.5930250883102417,6.991713047027588,0.057520508766174316
2025-04-26T15:47:32.016720,-0.5936484932899475,6.992709636688232,0.05805481970310211
2025-04-26T15:47:32.117682,-0.594258725643158,6.993711471557617,0.05867147445678711
2025-04-26T15:47:32.218538,-0.5947905778884888,6.99468994140625,0.05936025083065033
2025-04-26T15:47:32.319527,-0.5952942967414856,6.99563455581665,0.060103923082351685
2025-04-26T15:47:32.420942,-0.5959250330924988,6.996725082397461,0.061104804277420044
2025-04-26T15:47:32.522130,-0.5964270830154419,6.997500419616699,0.06194216012954712
2025-04-26T15:47:32.623254,-0.5969284772872925,6.998228073120117,0.06281191110610962
2025-04-26T15:47:32.724384,-0.5974095463752747,6.998947620391846,0.0637044906616211
2025-04-26T15:47:32.825905,-0.5978776812553406,6.999650478363037,0.06460903584957123
2025-04-26T15:47:32.927345,-0.5983271598815918,7.000344276428223,0.06548568606376648
2025-04-26T15:47:33.028551,-0.5988419055938721,7.001169681549072,0.0664350688457489
2025-04-26T15:47:33.129652,-0.599186897277832,7.001805782318115,0.06709203124046326
2025-04-26T15:47:33.230550,-0.599452555179596,7.0024237632751465,0.06760156154632568
2025-04-26T15:47:33.331204,-0.5996555685997009,7.003006458282471,0.06803607940673828
2025-04-26T15:47:33.432408,-0.5998048186302185,7.003495693206787,0.06840464472770691
2025-04-26T15:47:33.533634,-0.5998784303665161,7.003922462463379,0.06863546371459961
2025-04-26T15:47:33.634532,-0.59986811876297,7.004420280456543,0.06875723600387573
2025-04-26T15:47:33.735198,-0.5997985005378723,7.004817962646484,0.06875228881835938
2025-04-26T15:47:33.836068,-0.5997050404548645,7.005192756652832,0.06868170201778412
2025-04-26T15:47:33.937351,-0.5996245741844177,7.005517482757568,0.06853947043418884
2025-04-26T15:47:34.038297,-0.5995838642120361,7.0057830810546875,0.06834769248962402
2025-04-26T15:47:34.140612,-0.5995911955833435,7.005988597869873,0.06813809275627136
2025-04-26T15:47:34.241842,-0.5997005105018616,7.006130695343018,0.06784597039222717
2025-04-26T15:47:34.343899,-0.5998235940933228,7.0061726570129395,0.06755830347537994
2025-04-26T15:47:34.445412,-0.5999886393547058,7.006129264831543,0.06722798943519592
2025-04-26T15:47:34.547757,-0.6001896262168884,7.005961894989014,0.06689062714576721
2025-04-26T15:47:34.648446,-0.6003957986831665,7.005673408508301,0.06655323505401611
2025-04-26T15:47:34.749717,-0.6005615592002869,7.005316734313965,0.06622675061225891
2025-04-26T15:47:34.851077,-0.6006688475608826,7.004833221435547,0.0658574104309082
2025-04-26T15:47:34.952103,-0.6007094979286194,7.004421710968018,0.06558433175086975
2025-04-26T15:47:35.053456,-0.6007243394851685,7.0039753913879395,0.06531618535518646
2025-04-26T15:47:35.154761,-0.6007319688796997,7.003515720367432,0.06508392095565796
2025-04-26T15:47:35.255855,-0.6007388830184937,7.003061771392822,0.06490537524223328
2025-04-26T15:47:35.356993,-0.6007629036903381,7.002622604370117,0.06477583944797516
2025-04-26T15:47:35.457739,-0.6008135080337524,7.002103805541992,0.06467422842979431
2025-04-26T15:47:35.558600,-0.6008511781692505,7.001747131347656,0.06462244689464569
2025-04-26T15:47:35.659768,-0.6008694767951965,7.001471042633057,0.06465223431587219
2025-04-26T15:47:35.760963,-0.6008635759353638,7.001270771026611,0.06474876403808594
2025-04-26T15:47:35.862332,-0.6008004546165466,7.001164436340332,0.0649227499961853
2025-04-26T15:47:35.963836,-0.6007042527198792,7.001156330108643,0.06514295935630798
2025-04-26T15:47:36.065433,-0.6005610227584839,7.001249313354492,0.06543408334255219
2025-04-26T15:47:36.166857,-0.6004171371459961,7.001339912414551,0.06565561890602112
2025-04-26T15:47:36.268342,-0.60027015209198,7.001431465148926,0.06592819094657898
2025-04-26T15:47:36.369905,-0.600102961063385,7.0015645027160645,0.06626375019550323
2025-04-26T15:47:36.471932,-0.5999078154563904,7.00173807144165,0.06661829352378845
2025-04-26T15:47:36.573588,-0.5996942520141602,7.00193452835083,0.0669521689414978
2025-04-26T15:47:36.674385,-0.5993843078613281,7.0022125244140625,0.06729508936405182
2025-04-26T15:47:36.775406,-0.599092960357666,7.0024847984313965,0.06749480962753296
2025-04-26T15:47:36.876244,-0.5987207293510437,7.002785682678223,0.06763042509555817
2025-04-26T15:47:36.977315,-0.5982449650764465,7.003101825714111,0.06767824292182922
2025-04-26T15:47:37.079048,-0.5976174473762512,7.003384590148926,0.06756219267845154
2025-04-26T15:47:37.179693,-0.5969064235687256,7.003637790679932,0.06702157855033875
2025-04-26T15:47:37.280799,-0.5959984660148621,7.003969669342041,0.06517142057418823
2025-04-26T15:47:37.382232,-0.5952293872833252,7.004157543182373,0.06232286989688873
2025-04-26T15:47:37.484034,-0.5943896174430847,7.004209995269775,0.057863056659698486
2025-04-26T15:47:37.585185,-0.5935265421867371,7.004042148590088,0.05150298774242401
2025-04-26T15:47:37.686348,-0.5925801992416382,7.003629684448242,0.043025702238082886
2025-04-26T15:47:37.787766,-0.5914914011955261,7.002964496612549,0.032211631536483765
2025-04-26T15:47:37.889448,-0.5899373292922974,7.001802444458008,0.015380516648292542
2025-04-26T15:47:37.991374,-0.5885544419288635,7.000576972961426,-0.0009032785892486572
2025-04-26T15:47:38.093199,-0.5870762467384338,6.999060153961182,-0.019731879234313965
2025-04-26T15:47:38.194338,-0.5855265855789185,6.997282028198242,-0.041021376848220825
2025-04-26T15:47:38.295026,-0.5838799476623535,6.995247840881348,-0.06494379043579102
2025-04-26T15:47:38.396128,-0.5821945071220398,6.99302864074707,-0.0915081799030304
2025-04-26T15:47:38.497844,-0.5800958275794983,6.990123748779297,-0.1282411813735962
2025-04-26T15:47:38.598693,-0.5783983469009399,6.987685203552246,-0.16022440791130066
2025-04-26T15:47:38.699883,-0.5766902565956116,6.985250949859619,-0.19417527318000793
2025-04-26T15:47:38.801861,-0.575040340423584,6.982816219329834,-0.22975274920463562
2025-04-26T15:47:38.903413,-0.5734901428222656,6.980411529541016,-0.2666434943675995
2025-04-26T15:47:39.004602,-0.5720463991165161,6.978080749511719,-0.3045114576816559
2025-04-26T15:47:39.106080,-0.5703561902046204,6.97524881362915,-0.3530796468257904
2025-04-26T15:47:39.206691,-0.5690533518791199,6.973042964935303,-0.3927672207355499
2025-04-26T15:47:39.307838,-0.5677540302276611,6.970881462097168,-0.4330708682537079
2025-04-26T15:47:39.409586,-0.5664429068565369,6.9687910079956055,-0.47388795018196106
2025-04-26T15:47:39.511131,-0.5651882886886597,6.966743469238281,-0.515105128288269
2025-04-26T15:47:39.612805,-0.5640226602554321,6.964771270751953,-0.5566649436950684
2025-04-26T15:47:39.714454,-0.5627143383026123,6.962479591369629,-0.6090614795684814
2025-04-26T15:47:39.816146,-0.5618051886558533,6.960766315460205,-0.6512953042984009
2025-04-26T15:47:39.917758,-0.560985267162323,6.959142208099365,-0.6937665939331055
2025-04-26T15:47:40.019173,-0.5602108240127563,6.957615852355957,-0.7364765405654907
2025-04-26T15:47:40.119854,-0.5595348477363586,6.956183910369873,-0.7794183492660522
2025-04-26T15:47:40.220584,-0.5589354038238525,6.954819679260254,-0.8226277828216553
2025-04-26T15:47:40.322069,-0.5581647157669067,6.9532318115234375,-0.8770215511322021
2025-04-26T15:47:40.423305,-0.5575859546661377,6.952023506164551,-0.9208334684371948
2025-04-26T15:47:40.525287,-0.5570343732833862,6.950876235961914,-0.9648555517196655
2025-04-26T15:47:40.626773,-0.5565059781074524,6.949779987335205,-1.0091032981872559
2025-04-26T15:47:40.728098,-0.5560021996498108,6.948663711547852,-1.0536073446273804
2025-04-26T15:47:40.830579,-0.555557131767273,6.947624683380127,-1.0984137058258057
2025-04-26T15:47:40.931344,-0.5550300478935242,6.946413993835449,-1.1548168659210205
2025-04-26T15:47:41.032498,-0.5546132922172546,6.945456504821777,-1.2002050876617432
2025-04-26T15:47:41.133345,-0.554176926612854,6.944530487060547,-1.2458055019378662
2025-04-26T15:47:41.234852,-0.5537958145141602,6.94368839263916,-1.2916150093078613
2025-04-26T15:47:41.336392,-0.5534715056419373,6.942912578582764,-1.3375953435897827
2025-04-26T15:47:41.438430,-0.5532079935073853,6.942203521728516,-1.383719563484192
2025-04-26T15:47:41.539838,-0.5529142022132874,6.94153356552124,-1.441635251045227
2025-04-26T15:47:41.642613,-0.5527104139328003,6.941094875335693,-1.4882231950759888
2025-04-26T15:47:41.743425,-0.5525541305541992,6.940750598907471,-1.5350024700164795
2025-04-26T15:47:41.844639,-0.5524510145187378,6.940507411956787,-1.5819698572158813
2025-04-26T15:47:41.946365,-0.5523864030838013,6.940313816070557,-1.629132628440857
2025-04-26T15:47:42.048218,-0.5523389577865601,6.940118789672852,-1.6764904260635376
2025-04-26T15:47:42.149923,-0.5522705316543579,6.9398627281188965,-1.7359628677368164
2025-04-26T15:47:42.251567,-0.5522052049636841,6.939664840698242,-1.7837778329849243
2025-04-26T15:47:42.352565,-0.5521790981292725,6.93949556350708,-1.8318461179733276
2025-04-26T15:47:42.454080,-0.5521807074546814,6.939321517944336,-1.8801530599594116
2025-04-26T15:47:42.555749,-0.5521652102470398,6.939132213592529,-1.9286893606185913
2025-04-26T15:47:42.658136,-0.5521235466003418,6.9389262199401855,-1.977458119392395
2025-04-26T15:47:42.761008,-0.5520089864730835,6.938663482666016,-2.0387420654296875
2025-04-26T15:47:42.862492,-0.5518593788146973,6.938432693481445,-2.0880014896392822
2025-04-26T15:47:42.963877,-0.5517182350158691,6.938168525695801,-2.137486696243286
2025-04-26T15:47:43.064995,-0.5515923500061035,6.93784761428833,-2.1872329711914062
2025-04-26T15:47:43.166362,-0.5514854192733765,6.937446594238281,-2.2372117042541504
2025-04-26T15:47:43.268931,-0.551349401473999,6.937012195587158,-2.2874033451080322
2025-04-26T15:47:43.371512,-0.5511282086372375,6.936451435089111,-2.3504295349121094
2025-04-26T15:47:43.472612,-0.5509366393089294,6.93599796295166,-2.4011247158050537
2025-04-26T15:47:43.574544,-0.5507261157035828,6.935540676116943,-2.4520349502563477
2025-04-26T15:47:43.675797,-0.5504681468009949,6.935112953186035,-2.503162384033203
2025-04-26T15:47:43.777413,-0.5501577258110046,6.934711456298828,-2.554534673690796
2025-04-26T15:47:43.878985,-0.5497373938560486,6.93434476852417,-2.606154680252075
2025-04-26T15:47:43.980364,-0.5490239858627319,6.933901309967041,-2.6710493564605713
2025-04-26T15:47:44.081228,-0.5483341813087463,6.933558940887451,-2.7232508659362793
2025-04-26T15:47:44.182065,-0.5475316643714905,6.933208465576172,-2.7757089138031006
2025-04-26T15:47:44.283625,-0.5466283559799194,6.9328227043151855,-2.8284308910369873
2025-04-26T15:47:44.384583,-0.5456538796424866,6.932433605194092,-2.881368398666382
2025-04-26T15:47:44.486390,-0.5446121692657471,6.932101726531982,-2.9344913959503174
2025-04-26T15:47:44.587745,-0.5432732701301575,6.931769371032715,-3.001166343688965
2025-04-26T15:47:44.690391,-0.5421867370605469,6.931543827056885,-3.054776906967163
2025-04-26T15:47:44.792212,-0.5411152839660645,6.9313178062438965,-3.108593463897705
2025-04-26T15:47:44.893374,-0.5400646328926086,6.931098461151123,-3.162593364715576
2025-04-26T15:47:44.995226,-0.5390228629112244,6.930908679962158,-3.2167909145355225
2025-04-26T15:47:45.095952,-0.5379865169525146,6.930754661560059,-3.2711966037750244
2025-04-26T15:47:45.197235,-0.5367745161056519,6.930624485015869,-3.3394525051116943
2025-04-26T15:47:45.300391,-0.535935640335083,6.930593967437744,-3.394226312637329
2025-04-26T15:47:45.403230,-0.5352255702018738,6.930611610412598,-3.4491522312164307
2025-04-26T15:47:45.504281,-0.534655749797821,6.930701732635498,-3.5042307376861572
2025-04-26T15:47:45.605655,-0.5341848134994507,6.930867671966553,-3.5594642162323
2025-04-26T15:47:45.706851,-0.5337835550308228,6.931117057800293,-3.614870309829712
2025-04-26T15:47:45.808287,-0.5333601832389832,6.931527137756348,-3.684361219406128
2025-04-26T15:47:45.910686,-0.5330795645713806,6.931955814361572,-3.7391297817230225
2025-04-26T15:47:46.011843,-0.5328419804573059,6.93245267868042,-3.7892510890960693
2025-04-26T15:47:46.113352,-0.5326721668243408,6.932947635650635,-3.833240270614624
2025-04-26T15:47:46.214466,-0.5325570106506348,6.933457851409912,-3.871055841445923
2025-04-26T15:47:46.315361,-0.5324793457984924,6.934062957763672,-3.902845621109009
2025-04-26T15:47:46.416862,-0.5323818325996399,6.935131549835205,-3.9348185062408447
2025-04-26T15:47:46.518259,-0.5322719812393188,6.936340808868408,-3.954314947128296
2025-04-26T15:47:46.619332,-0.5320886373519897,6.937849521636963,-3.9673845767974854
2025-04-26T15:47:46.720256,-0.5317721366882324,6.93964958190918,-3.9739530086517334
2025-04-26T15:47:46.822281,-0.5312698483467102,6.941769599914551,-3.9745032787323
2025-04-26T15:47:46.923132,-0.5305476188659668,6.944273948669434,-3.969656229019165
2025-04-26T15:47:47.024137,-0.5293447971343994,6.948042869567871,-3.957412004470825
2025-04-26T15:47:47.125905,-0.5281084775924683,6.951665878295898,-3.9431869983673096
2025-04-26T15:47:47.227109,-0.5266777873039246,6.955857276916504,-3.925774335861206
2025-04-26T15:47:47.328551,-0.5250588655471802,6.9606709480285645,-3.9057867527008057
2025-04-26T15:47:47.432710,-0.523250937461853,6.96612548828125,-3.8837220668792725
2025-04-26T15:47:47.534260,-0.5212460160255432,6.972236633300781,-3.860059976577759
2025-04-26T15:47:47.635659,-0.5184684991836548,6.980710506439209,-3.828946828842163
2025-04-26T15:47:47.737027,-0.5160139203071594,6.98817777633667,-3.8032519817352295
2025-04-26T15:47:47.838252,-0.5134187340736389,6.996117115020752,-3.7772538661956787
2025-04-26T15:47:47.940583,-0.5106921792030334,7.0044965744018555,-3.75107741355896
2025-04-26T15:47:48.041219,-0.5078166127204895,7.013256549835205,-3.724907159805298
2025-04-26T15:47:48.142835,-0.5047898888587952,7.022343635559082,-3.6988604068756104
2025-04-26T15:47:48.244123,-0.5007913112640381,7.034073829650879,-3.666593313217163
2025-04-26T15:47:48.345997,-0.4974391758441925,7.043715953826904,-3.64111328125
2025-04-26T15:47:48.447548,-0.49396976828575134,7.053532600402832,-3.6159424781799316
2025-04-26T15:47:48.549444,-0.49034473299980164,7.063470840454102,-3.5910825729370117
2025-04-26T15:47:48.651011,-0.48664170503616333,7.073500156402588,-3.566596746444702
2025-04-26T15:47:48.752313,-0.4828583896160126,7.083626747131348,-3.5425169467926025
2025-04-26T15:47:48.854166,-0.47801274061203003,7.096456527709961,-3.5129802227020264
2025-04-26T15:47:48.955696,-0.4740447402000427,7.106918811798096,-3.489759683609009
2025-04-26T15:47:49.057735,-0.47003063559532166,7.117570400238037,-3.466871500015259
2025-04-26T15:47:49.159217,-0.4659431278705597,7.1283745765686035,-3.4443304538726807
2025-04-26T15:47:49.261302,-0.46181538701057434,7.139307022094727,-3.4221036434173584
2025-04-26T15:47:49.363673,-0.45767948031425476,7.150323390960693,-3.400172710418701
2025-04-26T15:47:49.465499,-0.45250892639160156,7.164229393005371,-3.3732175827026367
2025-04-26T15:47:49.567247,-0.4484195411205292,7.17543363571167,-3.3519856929779053
2025-04-26T15:47:49.668652,-0.44428253173828125,7.186711311340332,-3.3310234546661377
2025-04-26T15:47:49.769800,-0.4400986433029175,7.198018550872803,-3.310291051864624
2025-04-26T15:47:49.871258,-0.4358590841293335,7.209400653839111,-3.2897889614105225
2025-04-26T15:47:49.972732,-0.4315655529499054,7.220898628234863,-3.2695186138153076
2025-04-26T15:47:50.074439,-0.42608070373535156,7.235378742218018,-3.244553327560425
2025-04-26T15:47:50.175534,-0.42162638902664185,7.247011184692383,-3.224863290786743
2025-04-26T15:47:50.276891,-0.41713935136795044,7.258706092834473,-3.205376625061035
2025-04-26T15:47:50.378371,-0.4126622974872589,7.270364761352539,-3.186067581176758
2025-04-26T15:47:50.479736,-0.408185750246048,7.281996726989746,-3.1669352054595947
2025-04-26T15:47:50.580506,-0.403685063123703,7.2935943603515625,-3.148003578186035
2025-04-26T15:47:50.681427,-0.39810651540756226,7.308036804199219,-3.124621629714966
2025-04-26T15:47:50.782296,-0.39366960525512695,7.319583415985107,-3.106125831604004
2025-04-26T15:47:50.882896,-0.38922837376594543,7.331103801727295,-3.087811231613159
2025-04-26T15:47:50.983629,-0.3847978413105011,7.34260892868042,-3.0696637630462646
2025-04-26T15:47:51.084389,-0.3802921772003174,7.354063987731934,-3.0516951084136963
2025-04-26T15:47:51.185318,-0.37573081254959106,7.3654561042785645,-3.03387188911438
2025-04-26T15:47:51.286566,-0.3699580132961273,7.3795623779296875,-3.0118372440338135
2025-04-26T15:47:51.387824,-0.3652774691581726,7.390805244445801,-2.994363307952881
2025-04-26T15:47:51.488496,-0.36052992939949036,7.40199613571167,-2.977043390274048
2025-04-26T15:47:51.589509,-0.3557388484477997,7.4131364822387695,-2.959897994995117
2025-04-26T15:47:51.690108,-0.3509354293346405,7.424209117889404,-2.94293475151062
2025-04-26T15:47:51.791185,-0.346119225025177,7.435274600982666,-2.9260787963867188
2025-04-26T15:47:51.892031,-0.34010452032089233,7.44904899597168,-2.9051125049591064
2025-04-26T15:47:51.992645,-0.335358589887619,7.460061073303223,-2.8884079456329346
2025-04-26T15:47:52.093804,-0.3306772708892822,7.47111177444458,-2.871753454208374
2025-04-26T15:47:52.194462,-0.3260610103607178,7.482200622558594,-2.8551599979400635
2025-04-26T15:47:52.295022,-0.32151007652282715,7.493329048156738,-2.838618278503418
2025-04-26T15:47:52.396286,-0.31700950860977173,7.504526615142822,-2.822144031524658
2025-04-26T15:47:52.497017,-0.31144285202026367,7.518588542938232,-2.801607370376587
2025-04-26T15:47:52.598071,-0.3070414662361145,7.529857635498047,-2.785243034362793
2025-04-26T15:47:52.698815,-0.3027125298976898,7.541059970855713,-2.7689850330352783
2025-04-26T15:47:52.800197,-0.2984567880630493,7.552181720733643,-2.7527995109558105
2025-04-26T15:47:52.901669,-0.294265478849411,7.563263893127441,-2.7366557121276855
2025-04-26T15:47:53.004068,-0.29010364413261414,7.574328422546387,-2.720564842224121
2025-04-26T15:47:53.105111,-0.2848958969116211,7.588126182556152,-2.7005198001861572
2025-04-26T15:47:53.206578,-0.2807025909423828,7.599148273468018,-2.6845216751098633
2025-04-26T15:47:53.308150,-0.2764929234981537,7.610179424285889,-2.6686553955078125
2025-04-26T15:47:53.409669,-0.2722629904747009,7.621243000030518,-2.652804374694824
2025-04-26T15:47:53.510738,-0.2679987847805023,7.6323018074035645,-2.6370160579681396
2025-04-26T15:47:53.612720,-0.2637311816215515,7.643365383148193,-2.6212685108184814
2025-04-26T15:47:53.714520,-0.25838610529899597,7.657180309295654,-2.6016011238098145
2025-04-26T15:47:53.815611,-0.25405362248420715,7.668239593505859,-2.5858752727508545
2025-04-26T15:47:53.917174,-0.2496892511844635,7.679324150085449,-2.5701358318328857
2025-04-26T15:47:54.017641,-0.24534261226654053,7.690476417541504,-2.554395914077759
2025-04-26T15:47:54.120224,-0.2410207837820053,7.701727390289307,-2.538666009902954
2025-04-26T15:47:54.220963,-0.23669147491455078,7.713057518005371,-2.523024082183838
2025-04-26T15:47:54.321685,-0.23119167983531952,7.727289199829102,-2.5034396648406982
2025-04-26T15:47:54.423277,-0.2267303168773651,7.738758563995361,-2.4877586364746094
2025-04-26T15:47:54.524740,-0.22223182022571564,7.750316143035889,-2.4721226692199707
2025-04-26T15:47:54.625781,-0.21769924461841583,7.761961936950684,-2.456559896469116
2025-04-26T15:47:54.726728,-0.21313756704330444,7.773735523223877,-2.4410715103149414
2025-04-26T15:47:54.827581,-0.20853842794895172,7.785656929016113,-2.4256365299224854
2025-04-26T15:47:54.928843,-0.20275110006332397,7.800750732421875,-2.4063806533813477
2025-04-26T15:47:55.030687,-0.198142409324646,7.81295919418335,-2.3910038471221924
2025-04-26T15:47:55.132196,-0.1935500055551529,7.825301170349121,-2.375708818435669
2025-04-26T15:47:55.232820,-0.1889660507440567,7.837765216827393,-2.3605120182037354
2025-04-26T15:47:55.333864,-0.18440043926239014,7.850350379943848,-2.345407009124756
2025-04-26T15:47:55.435462,-0.17986346781253815,7.86300802230835,-2.330393075942993
2025-04-26T15:47:55.537499,-0.17421288788318634,7.878875732421875,-2.311760187149048
2025-04-26T15:47:55.638335,-0.16974419355392456,7.891596794128418,-2.296921968460083
2025-04-26T15:47:55.740159,-0.16532061994075775,7.904317855834961,-2.2821364402770996
2025-04-26T15:47:55.841724,-0.16089287400245667,7.917043685913086,-2.2673964500427246
2025-04-26T15:47:55.943233,-0.15642258524894714,7.9297943115234375,-2.2527215480804443
2025-04-26T15:47:56.043866,-0.15189287066459656,7.942570209503174,-2.2381365299224854
2025-04-26T15:47:56.145101,-0.1461842954158783,7.958556175231934,-2.2200024127960205
2025-04-26T15:47:56.246234,-0.14160679280757904,7.9713664054870605,-2.2055225372314453
2025-04-26T15:47:56.347525,-0.13705593347549438,7.984203338623047,-2.191107988357544
2025-04-26T15:47:56.448176,-0.1325342059135437,7.997057914733887,-2.1767539978027344
2025-04-26T15:47:56.549541,-0.12798775732517242,8.00992488861084,-2.1623785495758057
2025-04-26T15:47:56.650520,-0.1234220638871193,8.022811889648438,-2.1479594707489014
2025-04-26T15:47:56.753025,-0.11766363680362701,8.0390043258667,-2.129878282546997
2025-04-26T15:47:56.854757,-0.11303181201219559,8.051995277404785,-2.1153531074523926
2025-04-26T15:47:56.956011,-0.10840349644422531,8.064945220947266,-2.100785255432129
2025-04-26T15:47:57.057623,-0.10380521416664124,8.077838897705078,-2.0861401557922363
2025-04-26T15:47:57.158710,-0.0992736965417862,8.090662002563477,-2.071403980255127
2025-04-26T15:47:57.259856,-0.09484465420246124,8.103447914123535,-2.056584358215332
2025-04-26T15:47:57.361303,-0.08948049694299698,8.119437217712402,-2.0379323959350586
2025-04-26T15:47:57.462566,-0.08531361818313599,8.13222599029541,-2.022970199584961
2025-04-26T15:47:57.564299,-0.08126459270715714,8.145008087158203,-2.0079715251922607
2025-04-26T15:47:57.665951,-0.07734917849302292,8.157760620117188,-1.9930058717727661
2025-04-26T15:47:57.766833,-0.07356148213148117,8.170452117919922,-1.9780548810958862
2025-04-26T15:47:57.868223,-0.06987360119819641,8.183065414428711,-1.9631074666976929
2025-04-26T15:47:57.969471,-0.06533952802419662,8.19879150390625,-1.9444514513015747
2025-04-26T15:47:58.070310,-0.061704643070697784,8.21142864227295,-1.9295521974563599
2025-04-26T15:47:58.171001,-0.057999636977910995,8.224132537841797,-1.9146617650985718
2025-04-26T15:47:58.271813,-0.054203182458877563,8.236892700195312,-1.8998054265975952
2025-04-26T15:47:58.374256,-0.05034644156694412,8.249702453613281,-1.884973406791687
2025-04-26T15:47:58.474978,-0.04647231474518776,8.262533187866211,-1.8701761960983276
2025-04-26T15:47:58.575955,-0.04163657873868942,8.278544425964355,-1.8517719507217407
2025-04-26T15:47:58.677023,-0.03774042800068855,8.291261672973633,-1.8371258974075317
2025-04-26T15:47:58.778365,-0.0338452011346817,8.303950309753418,-1.8225585222244263
2025-04-26T15:47:58.879900,-0.02988799475133419,8.3165922164917,-1.8080350160598755
2025-04-26T15:47:58.980801,-0.025863593444228172,8.32917308807373,-1.793495774269104
2025-04-26T15:47:59.081505,-0.021779101341962814,8.341727256774902,-1.7790063619613647
2025-04-26T15:47:59.183071,-0.016613313928246498,8.357372283935547,-1.7609533071517944
2025-04-26T15:47:59.284701,-0.012447779066860676,8.36990737915039,-1.7465816736221313
2025-04-26T15:47:59.385622,-0.00827110931277275,8.382535934448242,-1.7322440147399902
2025-04-26T15:47:59.486790,-0.004085136577486992,8.39523983001709,-1.7179640531539917
2025-04-26T15:47:59.587527,0.00013973556633573025,8.408068656921387,-1.7037080526351929
2025-04-26T15:47:59.688763,0.004403436090797186,8.420928001403809,-1.6895264387130737
2025-04-26T15:47:59.789509,0.00981180090457201,8.437051773071289,-1.6718626022338867
2025-04-26T15:47:59.891048,0.014200340025126934,8.449931144714355,-1.6577576398849487
2025-04-26T15:47:59.993431,0.01869320683181286,8.462785720825195,-1.6436687707901
2025-04-26T15:48:00.094629,0.023193128407001495,8.47558307647705,-1.6296080350875854
2025-04-26T15:48:00.196072,0.027703767642378807,8.488377571105957,-1.6156095266342163
2025-04-26T15:48:00.298654,0.03218063339591026,8.501243591308594,-1.6016801595687866
2025-04-26T15:48:00.399785,0.037694599479436874,8.517428398132324,-1.584381103515625
2025-04-26T15:48:00.501244,0.0421096496284008,8.530385971069336,-1.5706665515899658
2025-04-26T15:48:00.602243,0.046550117433071136,8.543333053588867,-1.5571407079696655
2025-04-26T15:48:00.704438,0.051040321588516235,8.556264877319336,-1.543721318244934
2025-04-26T15:48:00.806092,0.055539876222610474,8.569236755371094,-1.53044855594635
2025-04-26T15:48:00.907686,0.06001078337430954,8.582226753234863,-1.5173139572143555
2025-04-26T15:48:01.008903,0.06551635265350342,8.598567962646484,-1.5011190176010132
2025-04-26T15:48:01.110231,0.06981533765792847,8.611700057983398,-1.488265872001648
2025-04-26T15:48:01.212026,0.07401303946971893,8.624892234802246,-1.4754972457885742
2025-04-26T15:48:01.313926,0.07815421372652054,8.638152122497559,-1.4628159999847412
2025-04-26T15:48:01.415242,0.08225186169147491,8.651440620422363,-1.4501333236694336
2025-04-26T15:48:01.517044,0.08633303642272949,8.66473388671875,-1.4374380111694336
2025-04-26T15:48:01.619092,0.09144417196512222,8.681439399719238,-1.4215502738952637
2025-04-26T15:48:01.721767,0.09552829712629318,8.694828033447266,-1.4088029861450195
2025-04-26T15:48:01.822922,0.09964175522327423,8.708223342895508,-1.3960063457489014
2025-04-26T15:48:01.926043,0.1037563905119896,8.721572875976562,-1.3831391334533691
2025-04-26T15:48:02.028289,0.10790769755840302,8.734872817993164,-1.3701845407485962
2025-04-26T15:48:02.129940,0.1121395081281662,8.748146057128906,-1.3571494817733765
2025-04-26T15:48:02.231555,0.11748054623603821,8.76476001739502,-1.3408266305923462
2025-04-26T15:48:02.333334,0.12176775187253952,8.778080940246582,-1.3277626037597656
2025-04-26T15:48:02.436079,0.1260606199502945,8.791427612304688,-1.314697265625
2025-04-26T15:48:02.538065,0.13038910925388336,8.804781913757324,-1.3016078472137451
2025-04-26T15:48:02.639838,0.13472884893417358,8.818180084228516,-1.2885117530822754
2025-04-26T15:48:02.742189,0.13909702003002167,8.83160400390625,-1.275415062904358
2025-04-26T15:48:02.843929,0.1445816308259964,8.848372459411621,-1.2590789794921875
2025-04-26T15:48:02.945242,0.14900608360767365,8.861772537231445,-1.2465274333953857
2025-04-26T15:48:03.046420,0.1534421592950821,8.875141143798828,-1.236251711845398
2025-04-26T15:48:03.148863,0.15787652134895325,8.888501167297363,-1.228584885597229
2025-04-26T15:48:03.250126,0.16228283941745758,8.901844024658203,-1.2232543230056763
2025-04-26T15:48:03.351514,0.1666206419467926,8.915185928344727,-1.219905972480774
2025-04-26T15:48:03.452372,0.17187903821468353,8.931844711303711,-1.217971682548523
2025-04-26T15:48:03.553902,0.1759784072637558,8.945165634155273,-1.2176885604858398
2025-04-26T15:48:03.655202,0.17997513711452484,8.958460807800293,-1.2181951999664307
2025-04-26T15:48:03.757401,0.18388709425926208,8.971675872802734,-1.2192487716674805
2025-04-26T15:48:03.859830,0.18777091801166534,8.984794616699219,-1.2206039428710938
2025-04-26T15:48:03.961314,0.19163863360881805,8.997825622558594,-1.222151279449463
2025-04-26T15:48:04.063064,0.19646768271923065,9.014070510864258,-1.224195957183838
2025-04-26T15:48:04.163808,0.20033755898475647,9.02706241607666,-1.2258548736572266
2025-04-26T15:48:04.265535,0.2042206972837448,9.040070533752441,-1.2274668216705322
2025-04-26T15:48:04.367183,0.20814085006713867,9.053119659423828,-1.2290048599243164
2025-04-26T15:48:04.468657,0.2121308445930481,9.066217422485352,-1.2304550409317017
2025-04-26T15:48:04.570620,0.21619881689548492,9.07936954498291,-1.2318267822265625
2025-04-26T15:48:04.673322,0.22136186063289642,9.095865249633789,-1.233447790145874
2025-04-26T15:48:04.774904,0.22551514208316803,9.109103202819824,-1.2346453666687012
2025-04-26T15:48:04.876551,0.22964482009410858,9.122363090515137,-1.23574960231781
2025-04-26T15:48:04.977752,0.2337399274110794,9.135649681091309,-1.2367589473724365
2025-04-26T15:48:05.078855,0.2377944439649582,9.148964881896973,-1.2376645803451538
2025-04-26T15:48:05.180429,0.2418190985918045,9.1622896194458,-1.2384816408157349
2025-04-26T15:48:05.282340,0.24680447578430176,9.178913116455078,-1.2394251823425293
2025-04-26T15:48:05.384393,0.2507707476615906,9.192188262939453,-1.2401498556137085
2025-04-26T15:48:05.485761,0.2547745704650879,9.205392837524414,-1.2408313751220703
2025-04-26T15:48:05.586744,0.258845716714859,9.218507766723633,-1.2414708137512207
2025-04-26T15:48:05.688520,0.2630001902580261,9.231513023376465,-1.242083191871643
2025-04-26T15:48:05.791157,0.26728174090385437,9.244400978088379,-1.242674469947815
2025-04-26T15:48:05.893641,0.272814005613327,9.260393142700195,-1.2433834075927734
2025-04-26T15:48:05.994921,0.2773415744304657,9.273106575012207,-1.2439172267913818
2025-04-26T15:48:06.097348,0.2818813621997833,9.285787582397461,-1.2444435358047485
2025-04-26T15:48:06.199576,0.2864130139350891,9.29844856262207,-1.2449640035629272
2025-04-26T15:48:06.300754,0.29092949628829956,9.311094284057617,-1.2455037832260132
2025-04-26T15:48:06.402268,0.29542478919029236,9.323760032653809,-1.2460397481918335
2025-04-26T15:48:06.504368,0.3010682761669159,9.339665412902832,-1.246697187423706
2025-04-26T15:48:06.605811,0.30564597249031067,9.352459907531738,-1.2472699880599976
2025-04-26T15:48:06.706789,0.3102414906024933,9.365297317504883,-1.2478585243225098
2025-04-26T15:48:06.808575,0.31486907601356506,9.378149032592773,-1.248456358909607
2025-04-26T15:48:06.910299,0.3195439577102661,9.390987396240234,-1.2490819692611694
2025-04-26T15:48:07.011281,0.32424187660217285,9.403826713562012,-1.2497286796569824
2025-04-26T15:48:07.113113,0.33013346791267395,9.419878005981445,-1.25052809715271
2025-04-26T15:48:07.214229,0.3348312973976135,9.432744026184082,-1.2511637210845947
2025-04-26T15:48:07.315351,0.33945924043655396,9.445611000061035,-1.2518019676208496
2025-04-26T15:48:07.416137,0.34402361512184143,9.45845890045166,-1.2524363994598389
2025-04-26T15:48:07.517078,0.3485141098499298,9.471269607543945,-1.2530630826950073
2025-04-26T15:48:07.617875,0.35296085476875305,9.484047889709473,-1.2536739110946655
2025-04-26T15:48:07.719248,0.3584456443786621,9.499947547912598,-1.2544629573822021
2025-04-26T15:48:07.820553,0.36276713013648987,9.512627601623535,-1.2551190853118896
2025-04-26T15:48:07.921262,0.3670758903026581,9.525333404541016,-1.2557892799377441
2025-04-26T15:48:08.021773,0.37138673663139343,9.538115501403809,-1.2564622163772583
2025-04-26T15:48:08.122579,0.3756871223449707,9.550973892211914,-1.257150411605835
2025-04-26T15:48:08.223535,0.3800080418586731,9.56387710571289,-1.2578279972076416
2025-04-26T15:48:08.324448,0.3855017125606537,9.580009460449219,-1.2585970163345337
2025-04-26T15:48:08.425329,0.3899325132369995,9.59295654296875,-1.2591670751571655
2025-04-26T15:48:08.526282,0.39445066452026367,9.605931282043457,-1.259673833847046
2025-04-26T15:48:08.627313,0.39910173416137695,9.61897087097168,-1.2601794004440308
2025-04-26T15:48:08.728339,0.4038333594799042,9.632044792175293,-1.260612964630127
2025-04-26T15:48:08.829117,0.4086964428424835,9.64519214630127,-1.2609716653823853
2025-04-26T15:48:08.930196,0.41499391198158264,9.661599159240723,-1.2613054513931274
2025-04-26T15:48:09.031788,0.4202035963535309,9.674668312072754,-1.2615007162094116
2025-04-26T15:48:09.132664,0.4255327582359314,9.68770694732666,-1.2616592645645142
2025-04-26T15:48:09.233855,0.43098485469818115,9.700798034667969,-1.2618428468704224
2025-04-26T15:48:09.334694,0.4365518391132355,9.713947296142578,-1.2620081901550293
2025-04-26T15:48:09.435721,0.4421675503253937,9.727171897888184,-1.2621846199035645
2025-04-26T15:48:09.536712,0.44922128319740295,9.743734359741211,-1.2624207735061646
2025-04-26T15:48:09.637713,0.45493385195732117,9.757001876831055,-1.262641429901123
2025-04-26T15:48:09.738722,0.46069595217704773,9.77022647857666,-1.2628755569458008
2025-04-26T15:48:09.839583,0.46651965379714966,9.783408164978027,-1.2631409168243408
2025-04-26T15:48:09.940576,0.4723794758319855,9.796547889709473,-1.2633992433547974
2025-04-26T15:48:10.041432,0.47831711173057556,9.809657096862793,-1.263604998588562
2025-04-26T15:48:10.142362,0.48578014969825745,9.826043128967285,-1.263828158378601
2025-04-26T15:48:10.243443,0.4917227327823639,9.83912181854248,-1.2639847993850708
2025-04-26T15:48:10.344206,0.49767374992370605,9.852191925048828,-1.2640379667282104
